Time,CORE_ZN ZN PSZ-AC:Des Heat Mass Flow [kg/s],CORE_ZN ZN PSZ-AC:Des Cool Mass Flow [kg/s],CORE_ZN ZN PSZ-AC:Des Heat Cap [W],CORE_ZN ZN PSZ-AC:Des Sens Cool Cap [W],PERIMETER_ZN_1 ZN PSZ-AC:Des Heat Mass Flow [kg/s],PERIMETER_ZN_1 ZN PSZ-AC:Des Cool Mass Flow [kg/s],PERIMETER_ZN_1 ZN PSZ-AC:Des Heat Cap [W],PERIMETER_ZN_1 ZN PSZ-AC:Des Sens Cool Cap [W],PERIMETER_ZN_2 ZN PSZ-AC:Des Heat Mass Flow [kg/s],PERIMETER_ZN_2 ZN PSZ-AC:Des Cool Mass Flow [kg/s],PERIMETER_ZN_2 ZN PSZ-AC:Des Heat Cap [W],PERIMETER_ZN_2 ZN PSZ-AC:Des Sens Cool Cap [W],PERIMETER_ZN_3 ZN PSZ-AC:Des Heat Mass Flow [kg/s],PERIMETER_ZN_3 ZN PSZ-AC:Des Cool Mass Flow [kg/s],PERIMETER_ZN_3 ZN PSZ-AC:Des Heat Cap [W],PERIMETER_ZN_3 ZN PSZ-AC:Des Sens Cool Cap [W],PERIMETER_ZN_4 ZN PSZ-AC:Des Heat Mass Flow [kg/s],PERIMETER_ZN_4 ZN PSZ-AC:Des Cool Mass Flow [kg/s],PERIMETER_ZN_4 ZN PSZ-AC:Des Heat Cap [W],PERIMETER_ZN_4 ZN PSZ-AC:Des Sens Cool Cap [W]
00:10:00,4.842753E-01,2.817569E-01,9.250657E+03,3.935925E+03,7.233427E-01,2.177852E-01,1.382124E+04,3.042382E+03,4.531074E-01,1.277844E-01,8.657763E+03,1.785099E+03,7.143689E-01,2.179756E-01,1.364961E+04,3.045039E+03,4.540871E-01,1.289314E-01,8.676485E+03,1.801124E+03
00:20:00,4.842762E-01,2.800932E-01,9.250673E+03,3.912687E+03,7.233434E-01,2.141424E-01,1.382125E+04,2.991491E+03,4.531078E-01,1.255667E-01,8.657772E+03,1.754116E+03,7.143695E-01,2.143395E-01,1.364962E+04,2.994242E+03,4.540876E-01,1.265316E-01,8.676494E+03,1.767598E+03
00:30:00,4.842769E-01,2.782861E-01,9.250688E+03,3.887444E+03,7.233440E-01,2.104205E-01,1.382126E+04,2.939493E+03,4.531083E-01,1.232915E-01,8.657780E+03,1.722331E+03,7.143702E-01,2.106279E-01,1.364963E+04,2.942388E+03,4.540880E-01,1.240968E-01,8.676502E+03,1.733581E+03
00:40:00,4.842776E-01,2.763697E-01,9.250701E+03,3.860673E+03,7.233445E-01,2.066502E-01,1.382127E+04,2.886820E+03,4.531086E-01,1.209785E-01,8.657787E+03,1.690016E+03,7.143707E-01,2.068706E-01,1.364964E+04,2.889896E+03,4.540883E-01,1.216432E-01,8.676509E+03,1.699303E+03
00:50:00,4.842782E-01,2.743702E-01,9.250712E+03,3.832741E+03,7.233450E-01,2.028572E-01,1.382128E+04,2.833828E+03,4.531090E-01,1.186441E-01,8.657794E+03,1.657403E+03,7.143712E-01,2.030929E-01,1.364965E+04,2.837118E+03,4.540887E-01,1.191850E-01,8.676515E+03,1.664959E+03
01:00:00,4.842788E-01,2.723088E-01,9.250723E+03,3.803944E+03,7.233455E-01,1.990622E-01,1.382129E+04,2.780810E+03,4.531093E-01,1.163020E-01,8.657799E+03,1.624682E+03,7.143717E-01,1.993150E-01,1.364966E+04,2.784339E+03,4.540890E-01,1.167335E-01,8.676521E+03,1.630711E+03
01:10:00,4.842793E-01,2.702593E-01,9.250732E+03,3.775313E+03,7.233459E-01,1.953655E-01,1.382130E+04,2.729163E+03,4.531096E-01,1.140146E-01,8.657805E+03,1.592726E+03,7.143721E-01,1.956352E-01,1.364967E+04,2.732930E+03,4.540893E-01,1.143495E-01,8.676526E+03,1.597405E+03
01:20:00,4.842797E-01,2.682366E-01,9.250741E+03,3.747055E+03,7.233462E-01,1.917829E-01,1.382130E+04,2.679112E+03,4.531098E-01,1.117925E-01,8.657809E+03,1.561681E+03,7.143724E-01,1.920690E-01,1.364968E+04,2.683107E+03,4.540895E-01,1.120420E-01,8.676531E+03,1.565167E+03
01:30:00,4.842801E-01,2.662541E-01,9.250749E+03,3.719361E+03,7.233465E-01,1.883301E-01,1.382131E+04,2.630874E+03,4.531100E-01,1.096460E-01,8.657813E+03,1.531693E+03,7.143727E-01,1.886316E-01,1.364968E+04,2.635084E+03,4.540897E-01,1.098200E-01,8.676535E+03,1.534125E+03
01:40:00,4.842805E-01,2.643233E-01,9.250755E+03,3.692388E+03,7.233468E-01,1.850210E-01,1.382132E+04,2.584643E+03,4.531102E-01,1.075845E-01,8.657817E+03,1.502893E+03,7.143730E-01,1.853367E-01,1.364969E+04,2.589052E+03,4.540899E-01,1.076919E-01,8.676538E+03,1.504393E+03
01:50:00,4.842808E-01,2.624543E-01,9.250762E+03,3.666277E+03,7.233471E-01,1.818656E-01,1.382132E+04,2.540561E+03,4.531104E-01,1.056150E-01,8.657820E+03,1.475378E+03,7.143733E-01,1.821943E-01,1.364969E+04,2.545151E+03,4.540901E-01,1.056634E-01,8.676542E+03,1.476054E+03
02:00:00,4.842811E-01,2.606562E-01,9.250767E+03,3.641158E+03,7.233473E-01,1.788731E-01,1.382133E+04,2.498753E+03,4.531105E-01,1.037438E-01,8.657823E+03,1.449236E+03,7.143735E-01,1.792133E-01,1.364970E+04,2.503504E+03,4.540902E-01,1.037400E-01,8.676545E+03,1.449182E+03
02:10:00,4.842814E-01,2.588817E-01,9.250772E+03,3.616369E+03,7.233475E-01,1.759690E-01,1.382133E+04,2.458181E+03,4.531107E-01,1.019256E-01,8.657826E+03,1.423834E+03,7.143737E-01,1.763209E-01,1.364970E+04,2.463096E+03,4.540904E-01,1.018755E-01,8.676547E+03,1.423135E+03
02:20:00,4.842816E-01,2.571383E-01,9.250777E+03,3.592013E+03,7.233477E-01,1.731585E-01,1.382133E+04,2.418918E+03,4.531108E-01,1.001641E-01,8.657828E+03,1.399226E+03,7.143739E-01,1.735222E-01,1.364970E+04,2.423997E+03,4.540905E-01,1.000731E-01,8.676550E+03,1.397955E+03
02:30:00,4.842818E-01,2.554319E-01,9.250781E+03,3.568175E+03,7.233478E-01,1.704440E-01,1.382134E+04,2.380995E+03,4.531109E-01,9.846119E-02,8.657830E+03,1.375435E+03,7.143740E-01,1.708197E-01,1.364971E+04,2.386241E+03,4.540906E-01,9.833388E-02,8.676552E+03,1.373657E+03
02:40:00,4.842820E-01,2.537685E-01,9.250785E+03,3.544938E+03,7.233480E-01,1.678290E-01,1.382134E+04,2.344461E+03,4.531110E-01,9.681918E-02,8.657832E+03,1.352496E+03,7.143742E-01,1.682165E-01,1.364971E+04,2.349873E+03,4.540907E-01,9.665965E-02,8.676554E+03,1.350267E+03
02:50:00,4.842822E-01,2.521533E-01,9.250788E+03,3.522374E+03,7.233481E-01,1.653164E-01,1.382134E+04,2.309359E+03,4.531111E-01,9.524011E-02,8.657834E+03,1.330435E+03,7.143743E-01,1.657156E-01,1.364971E+04,2.314935E+03,4.540908E-01,9.505202E-02,8.676555E+03,1.327808E+03
03:00:00,4.842824E-01,2.505907E-01,9.250791E+03,3.500545E+03,7.233482E-01,1.629084E-01,1.382134E+04,2.275719E+03,4.531112E-01,9.372555E-02,8.657836E+03,1.309276E+03,7.143744E-01,1.633191E-01,1.364972E+04,2.281454E+03,4.540909E-01,9.351215E-02,8.676557E+03,1.306295E+03
03:10:00,4.842825E-01,2.490282E-01,9.250794E+03,3.478717E+03,7.233484E-01,1.605240E-01,1.382135E+04,2.242408E+03,4.531112E-01,9.222560E-02,8.657837E+03,1.288321E+03,7.143746E-01,1.609473E-01,1.364972E+04,2.248319E+03,4.540909E-01,9.198983E-02,8.676558E+03,1.285028E+03
03:20:00,4.842826E-01,2.474687E-01,9.250796E+03,3.456931E+03,7.233485E-01,1.581625E-01,1.382135E+04,2.209416E+03,4.531113E-01,9.074004E-02,8.657838E+03,1.267568E+03,7.143747E-01,1.585996E-01,1.364972E+04,2.215521E+03,4.540910E-01,9.048452E-02,8.676559E+03,1.263998E+03
03:30:00,4.842827E-01,2.459147E-01,9.250799E+03,3.435221E+03,7.233485E-01,1.558229E-01,1.382135E+04,2.176731E+03,4.531114E-01,8.926826E-02,8.657839E+03,1.247006E+03,7.143747E-01,1.562750E-01,1.364972E+04,2.183045E+03,4.540911E-01,8.899535E-02,8.676561E+03,1.243194E+03
03:40:00,4.842828E-01,2.443680E-01,9.250801E+03,3.413613E+03,7.233486E-01,1.535036E-01,1.382135E+04,2.144330E+03,4.531114E-01,8.780928E-02,8.657840E+03,1.226624E+03,7.143748E-01,1.539717E-01,1.364972E+04,2.150868E+03,4.540911E-01,8.752109E-02,8.676562E+03,1.222598E+03
03:50:00,4.842829E-01,2.428298E-01,9.250802E+03,3.392125E+03,7.233487E-01,1.512031E-01,1.382135E+04,2.112190E+03,4.531115E-01,8.636202E-02,8.657841E+03,1.206405E+03,7.143749E-01,1.516881E-01,1.364972E+04,2.118966E+03,4.540912E-01,8.606044E-02,8.676562E+03,1.202192E+03
04:00:00,4.842830E-01,2.413010E-01,9.250804E+03,3.370768E+03,7.233487E-01,1.489195E-01,1.382135E+04,2.080288E+03,4.531115E-01,8.492540E-02,8.657842E+03,1.186335E+03,7.143749E-01,1.494224E-01,1.364973E+04,2.087312E+03,4.540912E-01,8.461213E-02,8.676563E+03,1.181959E+03
04:10:00,4.842831E-01,2.398382E-01,9.250805E+03,3.350334E+03,7.233488E-01,1.467350E-01,1.382135E+04,2.049770E+03,4.531115E-01,8.354992E-02,8.657843E+03,1.167120E+03,7.143750E-01,1.472547E-01,1.364973E+04,2.057029E+03,4.540912E-01,8.322643E-02,8.676564E+03,1.162600E+03
04:20:00,4.842832E-01,2.384418E-01,9.250807E+03,3.330825E+03,7.233489E-01,1.446501E-01,1.382136E+04,2.020644E+03,4.531116E-01,8.223596E-02,8.657843E+03,1.148763E+03,7.143751E-01,1.451855E-01,1.364973E+04,2.028121E+03,4.540913E-01,8.190354E-02,8.676565E+03,1.144119E+03
04:30:00,4.842832E-01,2.371115E-01,9.250808E+03,3.312241E+03,7.233489E-01,1.426659E-01,1.382136E+04,1.992923E+03,4.531116E-01,8.098418E-02,8.657844E+03,1.131276E+03,7.143751E-01,1.432155E-01,1.364973E+04,2.000600E+03,4.540913E-01,8.064394E-02,8.676565E+03,1.126522E+03
04:40:00,4.842833E-01,2.358473E-01,9.250809E+03,3.294581E+03,7.233489E-01,1.407835E-01,1.382136E+04,1.966625E+03,4.531116E-01,7.979556E-02,8.657844E+03,1.114670E+03,7.143751E-01,1.413462E-01,1.364973E+04,1.974485E+03,4.540913E-01,7.944847E-02,8.676566E+03,1.109821E+03
04:50:00,4.842833E-01,2.346493E-01,9.250810E+03,3.277845E+03,7.233490E-01,1.390045E-01,1.382136E+04,1.941772E+03,4.531117E-01,7.867115E-02,8.657845E+03,1.098962E+03,7.143752E-01,1.395788E-01,1.364973E+04,1.949795E+03,4.540914E-01,7.831805E-02,8.676566E+03,1.094029E+03
05:00:00,4.842834E-01,2.335176E-01,9.250811E+03,3.262036E+03,7.233490E-01,1.373302E-01,1.382136E+04,1.918382E+03,4.531117E-01,7.761195E-02,8.657845E+03,1.084165E+03,7.143752E-01,1.379150E-01,1.364973E+04,1.926550E+03,4.540914E-01,7.725358E-02,8.676567E+03,1.079159E+03
05:10:00,4.842834E-01,2.326221E-01,9.250812E+03,3.249525E+03,7.233490E-01,1.360134E-01,1.382136E+04,1.899986E+03,4.531117E-01,7.677387E-02,8.657846E+03,1.072457E+03,7.143752E-01,1.366024E-01,1.364973E+04,1.908213E+03,4.540914E-01,7.641075E-02,8.676567E+03,1.067384E+03
05:20:00,4.842835E-01,2.319659E-01,9.250812E+03,3.240359E+03,7.233491E-01,1.351298E-01,1.382136E+04,1.887641E+03,4.531117E-01,7.620830E-02,8.657846E+03,1.064556E+03,7.143753E-01,1.357170E-01,1.364973E+04,1.895843E+03,4.540914E-01,7.583849E-02,8.676567E+03,1.059389E+03
05:30:00,4.842835E-01,2.315475E-01,9.250813E+03,3.234514E+03,7.233491E-01,1.348158E-01,1.382136E+04,1.883255E+03,4.531117E-01,7.612260E-02,8.657846E+03,1.063358E+03,7.143753E-01,1.354652E-01,1.364973E+04,1.892326E+03,4.540914E-01,7.562485E-02,8.676568E+03,1.056404E+03
05:40:00,4.842835E-01,2.313699E-01,9.250814E+03,3.232033E+03,7.233491E-01,1.352040E-01,1.382136E+04,1.888678E+03,4.531118E-01,7.710507E-02,8.657847E+03,1.077082E+03,7.143753E-01,1.362647E-01,1.364973E+04,1.903494E+03,4.540914E-01,7.585540E-02,8.676568E+03,1.059625E+03
05:50:00,4.842836E-01,2.314446E-01,9.250814E+03,3.233076E+03,7.233491E-01,1.364480E-01,1.382136E+04,1.906057E+03,4.531118E-01,7.993869E-02,8.657847E+03,1.116667E+03,7.143753E-01,1.386606E-01,1.364973E+04,1.936965E+03,4.540915E-01,7.663051E-02,8.676568E+03,1.070453E+03
06:00:00,4.842836E-01,2.317947E-01,9.250815E+03,3.237968E+03,7.233491E-01,1.386577E-01,1.382136E+04,1.936926E+03,4.531118E-01,8.503419E-02,8.657847E+03,1.187851E+03,7.143754E-01,1.427235E-01,1.364973E+04,1.993724E+03,4.540915E-01,7.802249E-02,8.676568E+03,1.089899E+03
06:10:00,4.431119E-01,3.196241E-01,8.464351E+03,4.352975E+03,6.678457E-01,2.147000E-01,1.276083E+04,2.924140E+03,4.191175E-01,1.380992E-01,8.008301E+03,1.881574E+03,6.599453E-01,2.212247E-01,1.260973E+04,3.013260E+03,4.200972E-01,1.245166E-01,8.027022E+03,1.695896E+03
06:20:00,4.018466E-01,3.251143E-01,7.675811E+03,4.280673E+03,6.122655E-01,2.280050E-01,1.169829E+04,3.002215E+03,3.850803E-01,1.571056E-01,7.357602E+03,2.069472E+03,6.054401E-01,2.381669E-01,1.156776E+04,3.136295E+03,3.860602E-01,1.336778E-01,7.376327E+03,1.760205E+03
06:30:00,3.606189E-01,3.847241E-01,6.888010E+03,4.891523E+03,5.567068E-01,2.822728E-01,1.063611E+04,3.589120E+03,3.510544E-01,2.025047E-01,6.707077E+03,2.575920E+03,5.509557E-01,2.964042E-01,1.052613E+04,3.769148E+03,3.520343E-01,1.670547E-01,6.725802E+03,2.124149E+03
06:40:00,3.193741E-01,4.319921E-01,6.099930E+03,5.297154E+03,5.011272E-01,3.275996E-01,9.573553E+03,4.017338E+03,3.170159E-01,2.459543E-01,6.056318E+03,3.017411E+03,4.964508E-01,3.461715E-01,9.484136E+03,4.245487E+03,3.179959E-01,1.951179E-01,6.075043E+03,2.392766E+03
06:50:00,2.781216E-01,4.781123E-01,5.311760E+03,5.646447E+03,4.455367E-01,3.723579E-01,8.510869E+03,4.397823E+03,2.829709E-01,2.915651E-01,5.405480E+03,3.445120E+03,4.419352E-01,3.952243E-01,8.442011E+03,4.668349E+03,2.839510E-01,2.228179E-01,5.424204E+03,2.631698E+03
07:00:00,2.368636E-01,5.237093E-01,4.523550E+03,5.948058E+03,3.899393E-01,4.169166E-01,7.448187E+03,4.735541E+03,2.489216E-01,3.394032E-01,4.754643E+03,3.856861E+03,3.874126E-01,4.439076E-01,7.399883E+03,5.042623E+03,2.499018E-01,2.503847E-01,4.773366E+03,2.844054E+03
07:10:00,2.367727E-01,4.817551E-01,4.521571E+03,5.422298E+03,3.898400E-01,3.886147E-01,7.445644E+03,4.374132E+03,2.488632E-01,3.447573E-01,4.753110E+03,3.880488E+03,3.873148E-01,4.197265E-01,7.397381E+03,4.724312E+03,2.498434E-01,2.334732E-01,4.771832E+03,2.627906E+03
07:20:00,2.367715E-01,5.222672E-01,4.521470E+03,5.878295E+03,3.898129E-01,4.240726E-01,7.444819E+03,4.773269E+03,2.488449E-01,3.890757E-01,4.752554E+03,4.379344E+03,3.872877E-01,4.584218E-01,7.396561E+03,5.159889E+03,2.498249E-01,2.545468E-01,4.771272E+03,2.865123E+03
07:30:00,2.367295E-01,5.089548E-01,4.520610E+03,5.728445E+03,3.897608E-01,4.196243E-01,7.443620E+03,4.723195E+03,2.488128E-01,4.115603E-01,4.751806E+03,4.632400E+03,3.872360E-01,4.569374E-01,7.395372E+03,5.143166E+03,2.497928E-01,2.520747E-01,4.770523E+03,2.837293E+03
07:40:00,2.367016E-01,5.083854E-01,4.520033E+03,5.721973E+03,3.897264E-01,4.252066E-01,7.442841E+03,4.785968E+03,2.487911E-01,4.397693E-01,4.751314E+03,4.949846E+03,3.872018E-01,4.647032E-01,7.394598E+03,5.230509E+03,2.497712E-01,2.556046E-01,4.770031E+03,2.876989E+03
07:50:00,2.366789E-01,5.094577E-01,4.519567E+03,5.734013E+03,3.897002E-01,4.324480E-01,7.442280E+03,4.867447E+03,2.487743E-01,4.685722E-01,4.750955E+03,5.274005E+03,3.871757E-01,4.734106E-01,7.394038E+03,5.328486E+03,2.497543E-01,2.601821E-01,4.769671E+03,2.928496E+03
08:00:00,2.366596E-01,5.116156E-01,4.519175E+03,5.758290E+03,3.896789E-01,4.410129E-01,7.441845E+03,4.963840E+03,2.487603E-01,4.972225E-01,4.750672E+03,5.596463E+03,3.871545E-01,4.826515E-01,7.393604E+03,5.432484E+03,2.497404E-01,2.655945E-01,4.769389E+03,2.989410E+03
08:10:00,2.366429E-01,5.145462E-01,4.518840E+03,5.791271E+03,3.896611E-01,4.505476E-01,7.441492E+03,5.071153E+03,2.487485E-01,5.242598E-01,4.750440E+03,5.900767E+03,3.871367E-01,4.919019E-01,7.393252E+03,5.536594E+03,2.497285E-01,2.716119E-01,4.769156E+03,3.057137E+03
08:20:00,2.366285E-01,5.180043E-01,4.518552E+03,5.830191E+03,3.896461E-01,4.610324E-01,7.441199E+03,5.189160E+03,2.487385E-01,5.498923E-01,4.750245E+03,6.189256E+03,3.871217E-01,5.013776E-01,7.392959E+03,5.643239E+03,2.497185E-01,2.782217E-01,4.768961E+03,3.131532E+03
08:30:00,2.366159E-01,5.217370E-01,4.518302E+03,5.872203E+03,3.896335E-01,4.723709E-01,7.440954E+03,5.316778E+03,2.487299E-01,5.739288E-01,4.750079E+03,6.459783E+03,3.871091E-01,5.111301E-01,7.392713E+03,5.752999E+03,2.497100E-01,2.854305E-01,4.768796E+03,3.212669E+03
08:40:00,2.366048E-01,5.258790E-01,4.518085E+03,5.918824E+03,3.896227E-01,4.846831E-01,7.440746E+03,5.455355E+03,2.487227E-01,5.962273E-01,4.749939E+03,6.710749E+03,3.870984E-01,5.211542E-01,7.392506E+03,5.865815E+03,2.497027E-01,2.932458E-01,4.768655E+03,3.300632E+03
08:50:00,2.365952E-01,5.304364E-01,4.517895E+03,5.970121E+03,3.896136E-01,4.980124E-01,7.440569E+03,5.605379E+03,2.487164E-01,6.166886E-01,4.749819E+03,6.941037E+03,3.870892E-01,5.316137E-01,7.392329E+03,5.983534E+03,2.496964E-01,3.016440E-01,4.768535E+03,3.395155E+03
09:00:00,2.365867E-01,5.354628E-01,4.517729E+03,6.026695E+03,3.896057E-01,5.124877E-01,7.440417E+03,5.768301E+03,2.487110E-01,6.352520E-01,4.749715E+03,7.149966E+03,3.870813E-01,5.425992E-01,7.392176E+03,6.107175E+03,2.496910E-01,3.105992E-01,4.768431E+03,3.495948E+03
09:10:00,2.365792E-01,5.409479E-01,4.517584E+03,6.088432E+03,3.895988E-01,5.281941E-01,7.440286E+03,5.945078E+03,2.487063E-01,6.521619E-01,4.749624E+03,7.340284E+03,3.870744E-01,5.541106E-01,7.392045E+03,6.236736E+03,2.496863E-01,3.200285E-01,4.768341E+03,3.602075E+03
09:20:00,2.365726E-01,5.470392E-01,4.517456E+03,6.156991E+03,3.895928E-01,5.452436E-01,7.440171E+03,6.136972E+03,2.487021E-01,6.671793E-01,4.749545E+03,7.509302E+03,3.870684E-01,5.661874E-01,7.391930E+03,6.372662E+03,2.496822E-01,3.298748E-01,4.768262E+03,3.712894E+03
09:30:00,2.365668E-01,5.539167E-01,4.517343E+03,6.234397E+03,3.895876E-01,5.638009E-01,7.440071E+03,6.345835E+03,2.486985E-01,6.802910E-01,4.749476E+03,7.656873E+03,3.870632E-01,5.788777E-01,7.391830E+03,6.515491E+03,2.496786E-01,3.400459E-01,4.768194E+03,3.827370E+03
09:40:00,2.365616E-01,5.614185E-01,4.517243E+03,6.318827E+03,3.895830E-01,5.837853E-01,7.439983E+03,6.570759E+03,2.486954E-01,6.915011E-01,4.749416E+03,7.783039E+03,3.870586E-01,5.921873E-01,7.391742E+03,6.665292E+03,2.496754E-01,3.504417E-01,4.768133E+03,3.944373E+03
09:50:00,2.365570E-01,5.695035E-01,4.517155E+03,6.409821E+03,3.895790E-01,6.051485E-01,7.439906E+03,6.811205E+03,2.486926E-01,7.008046E-01,4.749362E+03,7.887747E+03,3.870546E-01,6.060174E-01,7.391665E+03,6.820952E+03,2.496726E-01,3.609902E-01,4.768080E+03,4.063098E+03
10:00:00,2.365530E-01,5.780830E-01,4.517077E+03,6.506380E+03,3.895754E-01,6.277258E-01,7.439838E+03,7.065315E+03,2.486901E-01,7.081989E-01,4.749315E+03,7.970967E+03,3.870510E-01,6.203045E-01,7.391597E+03,6.981755E+03,2.496702E-01,3.716204E-01,4.768033E+03,4.182740E+03
10:10:00,2.365494E-01,5.870881E-01,4.517007E+03,6.607731E+03,3.895723E-01,6.512400E-01,7.439778E+03,7.329971E+03,2.486879E-01,7.133268E-01,4.749274E+03,8.028678E+03,3.870479E-01,6.349166E-01,7.391537E+03,7.146216E+03,2.496680E-01,3.822439E-01,4.767991E+03,4.302309E+03
10:20:00,2.365461E-01,5.964452E-01,4.516946E+03,6.713043E+03,3.895695E-01,6.754904E-01,7.439725E+03,7.602913E+03,2.486860E-01,7.164275E-01,4.749237E+03,8.063573E+03,3.870451E-01,6.497724E-01,7.391484E+03,7.313419E+03,2.496661E-01,3.928318E-01,4.767955E+03,4.421476E+03
10:30:00,2.365433E-01,6.060775E-01,4.516891E+03,6.821454E+03,3.895670E-01,7.002177E-01,7.439678E+03,7.881222E+03,2.486843E-01,7.175341E-01,4.749205E+03,8.076024E+03,3.870426E-01,6.647454E-01,7.391437E+03,7.481942E+03,2.496644E-01,4.033354E-01,4.767922E+03,4.539694E+03
10:40:00,2.365407E-01,6.159040E-01,4.516842E+03,6.932051E+03,3.895648E-01,7.251629E-01,7.439636E+03,8.161982E+03,2.486828E-01,7.166829E-01,4.749176E+03,8.066440E+03,3.870404E-01,6.797165E-01,7.391395E+03,7.650443E+03,2.496629E-01,4.137105E-01,4.767894E+03,4.656466E+03
10:50:00,2.365384E-01,6.258243E-01,4.516798E+03,7.043703E+03,3.895629E-01,7.500917E-01,7.439599E+03,8.442559E+03,2.486815E-01,7.139343E-01,4.749150E+03,8.035500E+03,3.870385E-01,6.945825E-01,7.391358E+03,7.817760E+03,2.496616E-01,4.239190E-01,4.767868E+03,4.771363E+03
11:00:00,2.365364E-01,6.359203E-01,4.516759E+03,7.157334E+03,3.895612E-01,7.747873E-01,7.439567E+03,8.720510E+03,2.486803E-01,7.093625E-01,4.749128E+03,7.984041E+03,3.870368E-01,7.092564E-01,7.391325E+03,7.982916E+03,2.496604E-01,4.339289E-01,4.767846E+03,4.884024E+03
11:10:00,2.365346E-01,6.461034E-01,4.516724E+03,7.271942E+03,3.895597E-01,7.989464E-01,7.439537E+03,8.992422E+03,2.486792E-01,7.029947E-01,4.749107E+03,7.912367E+03,3.870352E-01,7.235635E-01,7.391296E+03,8.143943E+03,2.496593E-01,4.436461E-01,4.767826E+03,4.993391E+03
11:20:00,2.365329E-01,6.563398E-01,4.516693E+03,7.387151E+03,3.895583E-01,8.223839E-01,7.439511E+03,9.256211E+03,2.486783E-01,6.949475E-01,4.749090E+03,7.821792E+03,3.870339E-01,7.374342E-01,7.391270E+03,8.300058E+03,2.496584E-01,4.530403E-01,4.767808E+03,5.099123E+03
11:30:00,2.365315E-01,6.665963E-01,4.516665E+03,7.502584E+03,3.895571E-01,8.449328E-01,7.439488E+03,9.510000E+03,2.486774E-01,6.853754E-01,4.749074E+03,7.714054E+03,3.870326E-01,7.508093E-01,7.391246E+03,8.450595E+03,2.496576E-01,4.620842E-01,4.767792E+03,5.200913E+03
11:40:00,2.365302E-01,6.768442E-01,4.516640E+03,7.617919E+03,3.895560E-01,8.664462E-01,7.439468E+03,9.752132E+03,2.486767E-01,6.744852E-01,4.749060E+03,7.591481E+03,3.870316E-01,7.636410E-01,7.391226E+03,8.595016E+03,2.496568E-01,4.707555E-01,4.767778E+03,5.298509E+03
11:50:00,2.365290E-01,6.870765E-01,4.516617E+03,7.733079E+03,3.895550E-01,8.867986E-01,7.439449E+03,9.981199E+03,2.486760E-01,6.625545E-01,4.749047E+03,7.457197E+03,3.870306E-01,7.758956E-01,7.391207E+03,8.732940E+03,2.496562E-01,4.790388E-01,4.767765E+03,5.391736E+03
12:00:00,2.365279E-01,6.971076E-01,4.516597E+03,7.845973E+03,3.895542E-01,9.058868E-01,7.439433E+03,1.019604E+04,2.486755E-01,6.499546E-01,4.749036E+03,7.315381E+03,3.870297E-01,7.875541E-01,7.391191E+03,8.864157E+03,2.496556E-01,4.869267E-01,4.767754E+03,5.480515E+03
12:10:00,2.365270E-01,7.069293E-01,4.516579E+03,7.956512E+03,3.895534E-01,9.237344E-01,7.439418E+03,1.039691E+04,2.486749E-01,6.372485E-01,4.749026E+03,7.172371E+03,3.870290E-01,7.987127E-01,7.391176E+03,8.989746E+03,2.496551E-01,4.944841E-01,4.767744E+03,5.565573E+03
12:20:00,2.365261E-01,7.164845E-01,4.516563E+03,8.064051E+03,3.895527E-01,9.402883E-01,7.439405E+03,1.058322E+04,2.486745E-01,6.251842E-01,4.749017E+03,7.036584E+03,3.870283E-01,8.093879E-01,7.391163E+03,9.109896E+03,2.496546E-01,5.020875E-01,4.767735E+03,5.651149E+03
12:30:00,2.365254E-01,7.257258E-01,4.516548E+03,8.168058E+03,3.895521E-01,9.555142E-01,7.439393E+03,1.075459E+04,2.486740E-01,6.141765E-01,4.749009E+03,6.912691E+03,3.870277E-01,8.196079E-01,7.391151E+03,9.224921E+03,2.496542E-01,5.103553E-01,4.767727E+03,5.744204E+03
12:40:00,2.365247E-01,7.346147E-01,4.516535E+03,8.268100E+03,3.895516E-01,9.693916E-01,7.439383E+03,1.091078E+04,2.486737E-01,6.045653E-01,4.749002E+03,6.804516E+03,3.870271E-01,8.294051E-01,7.391141E+03,9.335188E+03,2.496538E-01,5.199303E-01,4.767720E+03,5.851972E+03
12:50:00,2.365241E-01,7.431219E-01,4.516523E+03,8.363845E+03,3.895511E-01,9.819058E-01,7.439373E+03,1.105162E+04,2.486733E-01,5.966250E-01,4.748995E+03,6.715149E+03,3.870266E-01,8.388098E-01,7.391132E+03,9.441038E+03,2.496535E-01,5.314041E-01,4.767714E+03,5.981113E+03
13:00:00,2.365235E-01,7.512258E-01,4.516512E+03,8.455051E+03,3.895506E-01,9.930560E-01,7.439365E+03,1.117712E+04,2.486730E-01,5.904900E-01,4.748990E+03,6.646100E+03,3.870262E-01,8.478440E-01,7.391123E+03,9.542718E+03,2.496532E-01,5.452769E-01,4.767708E+03,6.137255E+03
13:10:00,2.365230E-01,7.588954E-01,4.516503E+03,8.541370E+03,3.895502E-01,1.002789E+00,7.439358E+03,1.128666E+04,2.486728E-01,5.860754E-01,4.748984E+03,6.596416E+03,3.870258E-01,8.564839E-01,7.391116E+03,9.639960E+03,2.496529E-01,5.619165E-01,4.767703E+03,6.324540E+03
13:20:00,2.365226E-01,7.661214E-01,4.516494E+03,8.622696E+03,3.895499E-01,1.011097E+00,7.439351E+03,1.138016E+04,2.486725E-01,5.829801E-01,4.748980E+03,6.561580E+03,3.870254E-01,8.647236E-01,7.391109E+03,9.732698E+03,2.496527E-01,5.812366E-01,4.767698E+03,6.541993E+03
13:30:00,2.365222E-01,7.728976E-01,4.516487E+03,8.698960E+03,3.895496E-01,1.017968E+00,7.439345E+03,1.145750E+04,2.486723E-01,5.810438E-01,4.748976E+03,6.539788E+03,3.870251E-01,8.725447E-01,7.391103E+03,9.820724E+03,2.496525E-01,6.028151E-01,4.767694E+03,6.784867E+03
13:40:00,2.365218E-01,7.792187E-01,4.516480E+03,8.770102E+03,3.895493E-01,1.023395E+00,7.439340E+03,1.151857E+04,2.486721E-01,5.800793E-01,4.748972E+03,6.528936E+03,3.870248E-01,8.799180E-01,7.391098E+03,9.903711E+03,2.496523E-01,6.261159E-01,4.767691E+03,7.047125E+03
13:50:00,2.365215E-01,7.850793E-01,4.516473E+03,8.836060E+03,3.895490E-01,1.027371E+00,7.439335E+03,1.156333E+04,2.486720E-01,5.798483E-01,4.748969E+03,6.526336E+03,3.870246E-01,8.868079E-01,7.391093E+03,9.981256E+03,2.496521E-01,6.505830E-01,4.767688E+03,7.322509E+03
14:00:00,2.365212E-01,7.904724E-01,4.516468E+03,8.896758E+03,3.895488E-01,1.029891E+00,7.439330E+03,1.159168E+04,2.486718E-01,5.801148E-01,4.748966E+03,6.529337E+03,3.870244E-01,8.931743E-01,7.391088E+03,1.005291E+04,2.496520E-01,6.756870E-01,4.767685E+03,7.605059E+03
14:10:00,2.365209E-01,7.953577E-01,4.516463E+03,8.951740E+03,3.895486E-01,1.030904E+00,7.439327E+03,1.160308E+04,2.486717E-01,5.806314E-01,4.748963E+03,6.535153E+03,3.870242E-01,8.989084E-01,7.391084E+03,1.011745E+04,2.496518E-01,7.009028E-01,4.767682E+03,7.888866E+03
14:20:00,2.365207E-01,7.997255E-01,4.516458E+03,9.000897E+03,3.895484E-01,1.030418E+00,7.439323E+03,1.159761E+04,2.486715E-01,5.812217E-01,4.748961E+03,6.541798E+03,3.870240E-01,9.039632E-01,7.391081E+03,1.017434E+04,2.496517E-01,7.258145E-01,4.767680E+03,8.169251E+03
14:30:00,2.365204E-01,8.035651E-01,4.516454E+03,9.044110E+03,3.895483E-01,1.028454E+00,7.439320E+03,1.157550E+04,2.486714E-01,5.817459E-01,4.748959E+03,6.547698E+03,3.870238E-01,9.082873E-01,7.391078E+03,1.022300E+04,2.496516E-01,7.500645E-01,4.767678E+03,8.442186E+03
14:40:00,2.365202E-01,8.068650E-01,4.516450E+03,9.081249E+03,3.895481E-01,1.025044E+00,7.439317E+03,1.153712E+04,2.486713E-01,5.820896E-01,4.748957E+03,6.551566E+03,3.870237E-01,9.118372E-01,7.391075E+03,1.026296E+04,2.496515E-01,7.733544E-01,4.767676E+03,8.704314E+03
14:50:00,2.365201E-01,8.096132E-01,4.516447E+03,9.112179E+03,3.895480E-01,1.020234E+00,7.439315E+03,1.148298E+04,2.486713E-01,5.821607E-01,4.748955E+03,6.552366E+03,3.870235E-01,9.145703E-01,7.391073E+03,1.029372E+04,2.496514E-01,7.954275E-01,4.767674E+03,8.952748E+03
15:00:00,2.365199E-01,8.117978E-01,4.516444E+03,9.136766E+03,3.895479E-01,1.014088E+00,7.439312E+03,1.141381E+04,2.486712E-01,5.818853E-01,4.748954E+03,6.549266E+03,3.870234E-01,9.164481E-01,7.391070E+03,1.031485E+04,2.496513E-01,8.160641E-01,4.767673E+03,9.185012E+03
15:10:00,2.365198E-01,8.133911E-01,4.516441E+03,9.154697E+03,3.895478E-01,1.006659E+00,7.439310E+03,1.133018E+04,2.486711E-01,5.811804E-01,4.748953E+03,6.541331E+03,3.870233E-01,9.174019E-01,7.391068E+03,1.032558E+04,2.496513E-01,8.350523E-01,4.767671E+03,9.398724E+03
15:20:00,2.365196E-01,8.143827E-01,4.516439E+03,9.165856E+03,3.895477E-01,9.980452E-01,7.439309E+03,1.123323E+04,2.486710E-01,5.799998E-01,4.748951E+03,6.528043E+03,3.870232E-01,9.173993E-01,7.391066E+03,1.032555E+04,2.496512E-01,8.522260E-01,4.767670E+03,9.592013E+03
15:30:00,2.365195E-01,8.147636E-01,4.516437E+03,9.170142E+03,3.895476E-01,9.882504E-01,7.439307E+03,1.112299E+04,2.486710E-01,5.782411E-01,4.748950E+03,6.508248E+03,3.870231E-01,9.163249E-01,7.391065E+03,1.031346E+04,2.496511E-01,8.670480E-01,4.767669E+03,9.758832E+03
15:40:00,2.365194E-01,8.145254E-01,4.516435E+03,9.167460E+03,3.895475E-01,9.774448E-01,7.439306E+03,1.100137E+04,2.486709E-01,5.758859E-01,4.748949E+03,6.481739E+03,3.870231E-01,9.141750E-01,7.391063E+03,1.028926E+04,2.496511E-01,8.796306E-01,4.767668E+03,9.900447E+03
15:50:00,2.365193E-01,8.136608E-01,4.516433E+03,9.157728E+03,3.895474E-01,9.658416E-01,7.439304E+03,1.087077E+04,2.486709E-01,5.729012E-01,4.748948E+03,6.448146E+03,3.870230E-01,9.110427E-01,7.391062E+03,1.025400E+04,2.496510E-01,8.898834E-01,4.767667E+03,1.001584E+04
16:00:00,2.365192E-01,8.121634E-01,4.516431E+03,9.140875E+03,3.895474E-01,9.535715E-01,7.439303E+03,1.073267E+04,2.486708E-01,5.692576E-01,4.748948E+03,6.407136E+03,3.870229E-01,9.070929E-01,7.391061E+03,1.020955E+04,2.496510E-01,8.977228E-01,4.767666E+03,1.010407E+04
16:10:00,2.365192E-01,8.100957E-01,4.516430E+03,9.117602E+03,3.895473E-01,9.408920E-01,7.439302E+03,1.058996E+04,2.486708E-01,5.650224E-01,4.748947E+03,6.359466E+03,3.870229E-01,9.026582E-01,7.391060E+03,1.015963E+04,2.496510E-01,9.031802E-01,4.767666E+03,1.016549E+04
16:20:00,2.365191E-01,8.074579E-01,4.516428E+03,9.087914E+03,3.895473E-01,9.279283E-01,7.439301E+03,1.044405E+04,2.486708E-01,5.601889E-01,4.748946E+03,6.305064E+03,3.870228E-01,8.979600E-01,7.391059E+03,1.010675E+04,2.496509E-01,9.062162E-01,4.767665E+03,1.019966E+04
16:30:00,2.365190E-01,8.042538E-01,4.516427E+03,9.051850E+03,3.895472E-01,9.148868E-01,7.439300E+03,1.029727E+04,2.486707E-01,5.548178E-01,4.748946E+03,6.244611E+03,3.870228E-01,8.932980E-01,7.391058E+03,1.005428E+04,2.496509E-01,9.071850E-01,4.767664E+03,1.021056E+04
16:40:00,2.365190E-01,8.004908E-01,4.516426E+03,9.009498E+03,3.895472E-01,9.017760E-01,7.439299E+03,1.014970E+04,2.486707E-01,5.488993E-01,4.748945E+03,6.177997E+03,3.870227E-01,8.888106E-01,7.391057E+03,1.000377E+04,2.496509E-01,9.058017E-01,4.767664E+03,1.019498E+04
16:50:00,2.365189E-01,7.961806E-01,4.516425E+03,8.960987E+03,3.895472E-01,8.885264E-01,7.439299E+03,1.000058E+04,2.486707E-01,5.424476E-01,4.748945E+03,6.105381E+03,3.870227E-01,8.844957E-01,7.391057E+03,9.955210E+03,2.496508E-01,9.019915E-01,4.767663E+03,1.015210E+04
17:00:00,2.365189E-01,7.913387E-01,4.516424E+03,8.906491E+03,3.895471E-01,8.751087E-01,7.439298E+03,9.849557E+03,2.486707E-01,5.354803E-01,4.748944E+03,6.026962E+03,3.870227E-01,8.802295E-01,7.391056E+03,9.907194E+03,2.496508E-01,8.956786E-01,4.767663E+03,1.008104E+04
17:10:00,2.365188E-01,7.859807E-01,4.516423E+03,8.846187E+03,3.895471E-01,8.614650E-01,7.439298E+03,9.695995E+03,2.486706E-01,5.280119E-01,4.748944E+03,5.942903E+03,3.870226E-01,8.758029E-01,7.391055E+03,9.857371E+03,2.496508E-01,8.866935E-01,4.767663E+03,9.979910E+03
17:20:00,2.365188E-01,7.801248E-01,4.516423E+03,8.780279E+03,3.895471E-01,8.473984E-01,7.439297E+03,9.537674E+03,2.486706E-01,5.199846E-01,4.748944E+03,5.852555E+03,3.870226E-01,8.705595E-01,7.391055E+03,9.798357E+03,2.496508E-01,8.739396E-01,4.767662E+03,9.836361E+03
17:30:00,2.365188E-01,7.737909E-01,4.516422E+03,8.708992E+03,3.895470E-01,8.328883E-01,7.439297E+03,9.374360E+03,2.486706E-01,5.114543E-01,4.748943E+03,5.756544E+03,3.870226E-01,8.644124E-01,7.391054E+03,9.729170E+03,2.496508E-01,8.580506E-01,4.767662E+03,9.657525E+03
17:40:00,2.365187E-01,7.669987E-01,4.516421E+03,8.632547E+03,3.895470E-01,8.178678E-01,7.439296E+03,9.205301E+03,2.486706E-01,5.024366E-01,4.748943E+03,5.655047E+03,3.870226E-01,8.570682E-01,7.391054E+03,9.646508E+03,2.496508E-01,8.390424E-01,4.767662E+03,9.443581E+03
17:50:00,2.365187E-01,7.597676E-01,4.516421E+03,8.551161E+03,3.895470E-01,8.022879E-01,7.439296E+03,9.029946E+03,2.486706E-01,4.929470E-01,4.748943E+03,5.548240E+03,3.870225E-01,8.482331E-01,7.391054E+03,9.547067E+03,2.496507E-01,8.169134E-01,4.767661E+03,9.194514E+03
18:00:00,2.365187E-01,7.521162E-01,4.516420E+03,8.465045E+03,3.895470E-01,7.861283E-01,7.439295E+03,8.848067E+03,2.486706E-01,4.830087E-01,4.748943E+03,5.436382E+03,3.870225E-01,8.376415E-01,7.391053E+03,9.427855E+03,2.496507E-01,7.917037E-01,4.767661E+03,8.910771E+03
18:10:00,2.777047E-01,7.440117E-01,5.302885E+03,8.373830E+03,4.450800E-01,7.692803E-01,8.499825E+03,8.658440E+03,2.826830E-01,4.725801E-01,5.398488E+03,5.319006E+03,4.414811E-01,8.249596E-01,8.431061E+03,9.285116E+03,2.836631E-01,7.635067E-01,5.417207E+03,8.593408E+03
18:20:00,3.189389E-01,7.354692E-01,6.090398E+03,8.277685E+03,5.006446E-01,7.518082E-01,9.561185E+03,8.461788E+03,3.167126E-01,4.617219E-01,6.048499E+03,5.196795E+03,4.959707E-01,8.099938E-01,9.471878E+03,9.116671E+03,3.176927E-01,7.327070E-01,6.067216E+03,8.246750E+03
18:30:00,3.601693E-01,7.265013E-01,6.877951E+03,8.176753E+03,5.562197E-01,7.337103E-01,1.062306E+04,8.258092E+03,3.507491E-01,4.504458E-01,6.698844E+03,5.069881E+03,5.504710E-01,7.926238E-01,1.051321E+04,8.921167E+03,3.517291E-01,6.992808E-01,6.717561E+03,7.870531E+03
18:40:00,4.014182E-01,7.171214E-01,7.665994E+03,8.071183E+03,6.118100E-01,7.150313E-01,1.168561E+04,8.047856E+03,3.847938E-01,4.387888E-01,7.349593E+03,4.938678E+03,6.049864E-01,7.728416E-01,1.155520E+04,8.698512E+03,3.857738E-01,6.635416E-01,7.368310E+03,7.468278E+03
18:50:00,4.426760E-01,7.073470E-01,8.454342E+03,7.961172E+03,6.674042E-01,6.958268E-01,1.274856E+04,7.831706E+03,4.188406E-01,4.267903E-01,8.000580E+03,4.803633E+03,6.595059E-01,7.504138E-01,1.259758E+04,8.446081E+03,4.198205E-01,6.254580E-01,8.019298E+03,7.039639E+03
19:00:00,4.839385E-01,6.972022E-01,9.242899E+03,7.846995E+03,7.230015E-01,6.762290E-01,1.381179E+04,7.611129E+03,4.528894E-01,4.145356E-01,8.651747E+03,4.665704E+03,7.140284E-01,7.260756E-01,1.364024E+04,8.172147E+03,4.538692E-01,5.866131E-01,8.670465E+03,6.602431E+03
19:10:00,4.840184E-01,6.868737E-01,9.244955E+03,7.730749E+03,7.230705E-01,6.567370E-01,1.381434E+04,7.391744E+03,4.529289E-01,4.023382E-01,8.653275E+03,4.528421E+03,7.140970E-01,7.008172E-01,1.364274E+04,7.887857E+03,4.539087E-01,5.484324E-01,8.671994E+03,6.172701E+03
19:20:00,4.840534E-01,6.764142E-01,9.245958E+03,7.613029E+03,7.231128E-01,6.377215E-01,1.381604E+04,7.177721E+03,4.529546E-01,3.904319E-01,8.654338E+03,4.394413E+03,7.141395E-01,6.757474E-01,1.364443E+04,7.605691E+03,4.539344E-01,5.126716E-01,8.673059E+03,5.770207E+03
19:30:00,4.840950E-01,6.658973E-01,9.246984E+03,7.494663E+03,7.231487E-01,6.193627E-01,1.381727E+04,6.971091E+03,4.529762E-01,3.789278E-01,8.655097E+03,4.264933E+03,7.141753E-01,6.512902E-01,1.364565E+04,7.330421E+03,4.539559E-01,4.796820E-01,8.673819E+03,5.398905E+03
19:40:00,4.841206E-01,6.554179E-01,9.247603E+03,7.376720E+03,7.231725E-01,6.018639E-01,1.381794E+04,6.774140E+03,4.529914E-01,3.679541E-01,8.655524E+03,4.141423E+03,7.141991E-01,6.280298E-01,1.364632E+04,7.068623E+03,4.539712E-01,4.500704E-01,8.674247E+03,5.065625E+03
19:50:00,4.841396E-01,6.450921E-01,9.248023E+03,7.260507E+03,7.231949E-01,5.854196E-01,1.381841E+04,6.589059E+03,4.530064E-01,3.576345E-01,8.655833E+03,4.025274E+03,7.142213E-01,6.068129E-01,1.364679E+04,6.829825E+03,4.539862E-01,4.247564E-01,8.674557E+03,4.780715E+03
20:00:00,4.841556E-01,6.350892E-01,9.248351E+03,7.147928E+03,7.232162E-01,5.701294E-01,1.381881E+04,6.416967E+03,4.530208E-01,3.480315E-01,8.656103E+03,3.917193E+03,7.142425E-01,5.875129E-01,1.364719E+04,6.612603E+03,4.540006E-01,4.029456E-01,8.674826E+03,4.535235E+03
20:10:00,4.841698E-01,6.254522E-01,9.248630E+03,7.039468E+03,7.232347E-01,5.559515E-01,1.381916E+04,6.257396E+03,4.530332E-01,3.391190E-01,8.656338E+03,3.816883E+03,7.142609E-01,5.699712E-01,1.364754E+04,6.415172E+03,4.540130E-01,3.840579E-01,8.675062E+03,4.322655E+03
20:20:00,4.841824E-01,6.162166E-01,9.248873E+03,6.935525E+03,7.232498E-01,5.427864E-01,1.381946E+04,6.109223E+03,4.530434E-01,3.308324E-01,8.656536E+03,3.723618E+03,7.142760E-01,5.540548E-01,1.364783E+04,6.236035E+03,4.540232E-01,3.676887E-01,8.675260E+03,4.138421E+03
20:30:00,4.841933E-01,6.074279E-01,9.249086E+03,6.836614E+03,7.232622E-01,5.306174E-01,1.381970E+04,5.972263E+03,4.530518E-01,3.231594E-01,8.656701E+03,3.637259E+03,7.142884E-01,5.396697E-01,1.364807E+04,6.074132E+03,4.540316E-01,3.534890E-01,8.675425E+03,3.978605E+03
20:40:00,4.842030E-01,5.991114E-01,9.249273E+03,6.743015E+03,7.232728E-01,5.194325E-01,1.381990E+04,5.846380E+03,4.530591E-01,3.160840E-01,8.656840E+03,3.557626E+03,7.142990E-01,5.266913E-01,1.364827E+04,5.928063E+03,4.540389E-01,3.411211E-01,8.675564E+03,3.839406E+03
20:50:00,4.842115E-01,5.912659E-01,9.249436E+03,6.654717E+03,7.232819E-01,5.092041E-01,1.382008E+04,5.731262E+03,4.530653E-01,3.095998E-01,8.656960E+03,3.484648E+03,7.143081E-01,5.150233E-01,1.364845E+04,5.796743E+03,4.540451E-01,3.302898E-01,8.675683E+03,3.717502E+03
21:00:00,4.842190E-01,5.838277E-01,9.249581E+03,6.571003E+03,7.232898E-01,4.998115E-01,1.382023E+04,5.625552E+03,4.530708E-01,3.036313E-01,8.657064E+03,3.417476E+03,7.143160E-01,5.045145E-01,1.364860E+04,5.678471E+03,4.540506E-01,3.207543E-01,8.675788E+03,3.610182E+03
21:10:00,4.842258E-01,5.767769E-01,9.249710E+03,6.491647E+03,7.232968E-01,4.911126E-01,1.382036E+04,5.527650E+03,4.530756E-01,2.980906E-01,8.657156E+03,3.355117E+03,7.143229E-01,4.949344E-01,1.364873E+04,5.570651E+03,4.540554E-01,3.122853E-01,8.675879E+03,3.514865E+03
21:20:00,4.842318E-01,5.701470E-01,9.249825E+03,6.417029E+03,7.233028E-01,4.830294E-01,1.382048E+04,5.436677E+03,4.530798E-01,2.929306E-01,8.657236E+03,3.297043E+03,7.143290E-01,4.861564E-01,1.364885E+04,5.471859E+03,4.540596E-01,3.047601E-01,8.675959E+03,3.430171E+03
21:30:00,4.842372E-01,5.639356E-01,9.249928E+03,6.347120E+03,7.233081E-01,4.754827E-01,1.382058E+04,5.351741E+03,4.530834E-01,2.881049E-01,8.657306E+03,3.242731E+03,7.143343E-01,4.780666E-01,1.364895E+04,5.380812E+03,4.540632E-01,2.980206E-01,8.676029E+03,3.354321E+03
21:40:00,4.842420E-01,5.581334E-01,9.250019E+03,6.281818E+03,7.233127E-01,4.683790E-01,1.382067E+04,5.271790E+03,4.530867E-01,2.835630E-01,8.657367E+03,3.191613E+03,7.143389E-01,4.705579E-01,1.364904E+04,5.296304E+03,4.540664E-01,2.919341E-01,8.676090E+03,3.285821E+03
21:50:00,4.842463E-01,5.527268E-01,9.250102E+03,6.220968E+03,7.233168E-01,4.616352E-01,1.382074E+04,5.195889E+03,4.530895E-01,2.792416E-01,8.657421E+03,3.142977E+03,7.143430E-01,4.635012E-01,1.364911E+04,5.216882E+03,4.540693E-01,2.863979E-01,8.676144E+03,3.223514E+03
22:00:00,4.842501E-01,5.477002E-01,9.250175E+03,6.164395E+03,7.233204E-01,4.552634E-01,1.382081E+04,5.124174E+03,4.530920E-01,2.751488E-01,8.657469E+03,3.096911E+03,7.143466E-01,4.568446E-01,1.364918E+04,5.141962E+03,4.540717E-01,2.813245E-01,8.676192E+03,3.166414E+03
22:10:00,4.842535E-01,4.873892E-01,9.250241E+03,5.613774E+03,7.233236E-01,4.047861E-01,1.382087E+04,4.665935E+03,4.530942E-01,2.440493E-01,8.657511E+03,2.813297E+03,7.143498E-01,4.058720E-01,1.364924E+04,4.678379E+03,4.540739E-01,2.490553E-01,8.676234E+03,2.871192E+03
22:20:00,4.842566E-01,4.375774E-01,9.250300E+03,5.216153E+03,7.233264E-01,3.639782E-01,1.382093E+04,4.343440E+03,4.530962E-01,2.186920E-01,8.657549E+03,2.609929E+03,7.143526E-01,3.648536E-01,1.364930E+04,4.353786E+03,4.540759E-01,2.232260E-01,8.676271E+03,2.664273E+03
22:30:00,4.842594E-01,3.924817E-01,9.250353E+03,4.856051E+03,7.233289E-01,3.257710E-01,1.382097E+04,4.034781E+03,4.530979E-01,1.948948E-01,8.657582E+03,2.414039E+03,7.143551E-01,3.264567E-01,1.364935E+04,4.043185E+03,4.540776E-01,1.989221E-01,8.676304E+03,2.464127E+03
22:40:00,4.842619E-01,3.468261E-01,9.250400E+03,4.448017E+03,7.233311E-01,2.881221E-01,1.382102E+04,3.698792E+03,4.530994E-01,1.715204E-01,8.657611E+03,2.202086E+03,7.143573E-01,2.886282E-01,1.364939E+04,3.705210E+03,4.540791E-01,1.751488E-01,8.676333E+03,2.248850E+03
22:50:00,4.842641E-01,3.044267E-01,9.250442E+03,4.041930E+03,7.233331E-01,2.527948E-01,1.382105E+04,3.359612E+03,4.531008E-01,1.495754E-01,8.657637E+03,1.987994E+03,7.143592E-01,2.531475E-01,1.364943E+04,3.364230E+03,4.540805E-01,1.528385E-01,8.676359E+03,2.031522E+03
23:00:00,4.842661E-01,2.628137E-01,9.250480E+03,3.608299E+03,7.233348E-01,2.180946E-01,1.382109E+04,2.997105E+03,4.531020E-01,1.280552E-01,8.657660E+03,1.759895E+03,7.143610E-01,2.183176E-01,1.364946E+04,3.000110E+03,4.540817E-01,1.309992E-01,8.676382E+03,1.800492E+03
23:10:00,4.842679E-01,2.774414E-01,9.250514E+03,3.861661E+03,7.233364E-01,2.283006E-01,1.382112E+04,3.178648E+03,4.531030E-01,1.340730E-01,8.657680E+03,1.866758E+03,7.143625E-01,2.286691E-01,1.364949E+04,3.183754E+03,4.540828E-01,1.371003E-01,8.676402E+03,1.908947E+03
23:20:00,4.842695E-01,2.823707E-01,9.250545E+03,3.944356E+03,7.233377E-01,2.294934E-01,1.382114E+04,3.205824E+03,4.531040E-01,1.347903E-01,8.657698E+03,1.882903E+03,7.143639E-01,2.297786E-01,1.364951E+04,3.209804E+03,4.540837E-01,1.373308E-01,8.676420E+03,1.918392E+03
23:30:00,4.842709E-01,2.832536E-01,9.250573E+03,3.956747E+03,7.233390E-01,2.286212E-01,1.382117E+04,3.193707E+03,4.531048E-01,1.343136E-01,8.657714E+03,1.876281E+03,7.143651E-01,2.288502E-01,1.364954E+04,3.196903E+03,4.540845E-01,1.365180E-01,8.676436E+03,1.907078E+03
23:40:00,4.842722E-01,2.852528E-01,9.250597E+03,3.984709E+03,7.233400E-01,2.276232E-01,1.382119E+04,3.179794E+03,4.531056E-01,1.337152E-01,8.657729E+03,1.867938E+03,7.143662E-01,2.278283E-01,1.364956E+04,3.182655E+03,4.540853E-01,1.355842E-01,8.676450E+03,1.894050E+03
23:50:00,4.842734E-01,2.844521E-01,9.250619E+03,3.973552E+03,7.233410E-01,2.246464E-01,1.382121E+04,3.138227E+03,4.531062E-01,1.319320E-01,8.657741E+03,1.843037E+03,7.143672E-01,2.248384E-01,1.364958E+04,3.140906E+03,4.540860E-01,1.335261E-01,8.676463E+03,1.865308E+03
24:00:00,4.842744E-01,2.832312E-01,9.250639E+03,3.956512E+03,7.233419E-01,2.213059E-01,1.382122E+04,3.091566E+03,4.531068E-01,1.299180E-01,8.657753E+03,1.814905E+03,7.143681E-01,2.214941E-01,1.364959E+04,3.094192E+03,4.540865E-01,1.312732E-01,8.676474E+03,1.833839E+03
Coinc Peak   ,4.842836E-01,8.147636E-01,9.250815E+03,9.170142E+03,7.233491E-01,1.030904E+00,1.382136E+04,1.160308E+04,4.531118E-01,7.175341E-01,8.657847E+03,8.076024E+03,7.143754E-01,9.174019E-01,1.364973E+04,1.032558E+04,4.540915E-01,9.071850E-01,8.676568E+03,1.021056E+04
NonCoinc Peak,4.842836E-01,8.147636E-01,9.250815E+03,9.170142E+03,7.233491E-01,1.030904E+00,1.382136E+04,1.160308E+04,4.531118E-01,7.175341E-01,8.657847E+03,8.076024E+03,7.143754E-01,9.174019E-01,1.364973E+04,1.032558E+04,4.540915E-01,9.071850E-01,8.676568E+03,1.021056E+04
